target_mode,knob,knob_value,f_mod_hz,rc,mh_mean_V,mh_pkpk_V,mh_std_V,error_std_codes,error_pkpk_codes,target_pkpk_codes,drift_V
iadc_value,step_size_track,8,500,0,0.7329058619907924,0.0040283203125,0.0011718886463431492,64.95861624126235,203.0,0.0,-0.0004685910885839339
iadc_value,step_size_track,8,1000,0,0.7333007812500001,0.00201416015625,0.0005872235489803884,131.33226595788506,369.0,0.0,-8.200613807277057e-05
iadc_value,step_size_track,8,2000,0,0.7334014892578125,0.001007080078125,0.0003021240234375148,139.80856586520625,387.0,0.0,-2.373861891569515e-05
iadc_value,step_size_track,16,500,0,0.7330389404296875,0.004431152343749911,0.0014343026666541537,30.507724013596885,130.0,0.0,-0.0005166386698569027
iadc_value,step_size_track,8,5000,0,0.7330993652343752,0.0004028320312500222,0.00014242263048802096,139.53441807142283,394.0,0.0,-4.316112530072334e-06
iadc_value,step_size_track,16,1000,0,0.733099365234375,0.0040283203125,0.001174447097960792,82.64294851211149,238.0,0.0,-0.00021580562650678177
iadc_value,step_size_track,8,200,0,0.7329528808593752,0.004229736328124956,0.0014179997345724706,12.047265792022442,58.0,0.0,-6.782814883066558e-05
iadc_value,step_size_track,16,200,0,0.7329449821920957,0.004431152343749911,0.0014415972262602197,21.73588527156587,91.0,0.0,-7.647562342091433e-05
iadc_value,step_size_track,8,100,0,0.7329527501864268,0.004229736328124956,0.0014162764245419664,9.823013927183156,42.0,0.0,-7.598492277845227e-05
iadc_value,step_size_track,16,100,0,0.7329412509669799,0.004431152343749911,0.0014403364090127503,20.90583765491116,84.0,0.0,-7.860071518857016e-05
iadc_value,step_size_track,16,2000,0,0.73330078125,0.00201416015625,0.0006042480468749926,149.75993016716276,410.0,0.0,-4.747723783201354e-05
iadc_value,step_size_track,16,5000,0,0.733502197265625,0.0008056640625000444,0.0002848452609760419,139.29467718415066,387.0,0.0,-8.632225060408476e-06
iadc_value,step_size_track,32,500,0,0.7329554966517857,0.004833984374999933,0.001481720684924983,48.11823236273633,201.0,0.0,-0.0006297824768974569
iadc_value,step_size_track,32,1000,0,0.7329900251116073,0.004833984374999933,0.0014562912061497596,58.41887974109125,240.0,0.0,-0.00024466192170800454
iadc_value,step_size_track,32,200,0,0.7329119514016545,0.004833984374999933,0.0014958525543728603,44.41788666867533,173.0,0.0,-5.8980998983904254e-05
iadc_value,step_size_track,8,50,0,0.7329543025618098,0.004229736328124956,0.0014145177180471175,9.137516167231885,39.0,0.0,-7.960161403833545e-05
iadc_value,step_size_track,32,2000,0,0.732293701171875,0.0040283203125,0.0012084960937500074,122.17072316839986,320.0,0.0,-0.00011221892578368755
iadc_value,step_size_track,32,5000,0,0.733502197265625,0.0016113281249999778,0.0005696905219520446,147.467397988124,387.0,0.0,-1.7264450120311642e-05
iadc_value,step_size_track,16,50,0,0.7329436969884748,0.004431152343749911,0.00143685168138807,20.39026052450374,80.0,0.0,-8.3882057304376e-05
iadc_value,step_size_track,32,100,0,0.7329063939580314,0.004833984374999933,0.00148567623402963,43.87519196418344,165.0,0.0,-7.63349773509209e-05
iadc_value,step_size_track,56,500,0,0.733099365234375,0.005639648437499978,0.0017267826250699104,80.1163299616914,293.0,0.0,-0.000604255754218668
iadc_value,step_size_track,56,1000,0,0.7330993652343751,0.005639648437499978,0.0016075471386590447,87.37100104714143,316.0,0.0,-0.00027191508939864453
iadc_value,step_size_track,56,2000,0,0.7332403564453126,0.005639648437499978,0.0016013523289548943,127.63833631773481,389.0,0.0,-0.0001480426597839375
iadc_value,step_size_track,56,200,0,0.7329737046185663,0.005639648437499978,0.0017185999284897132,76.46616460452695,281.0,0.0,-7.020889227911315e-05
iadc_value,step_size_track,56,5000,0,0.733099365234375,0.0028198242187499334,0.0009969584134160684,169.865903895168,395.0,0.0,-3.0212787711056564e-05
iadc_value,step_size_track,8,25,0,0.732953775751088,0.004229736328124956,0.0014142422405980586,9.037164676268278,38.0,0.0,-8.191974834665796e-05
iadc_value,adc_dead_zone,0,500,0,0.7330892944335937,0.0038269042968750444,0.0011499690382744182,64.98531388250858,200.0,0.0,-0.00041931033230244744
iadc_value,step_size_track,56,100,0,0.7329723347945473,0.005639648437499978,0.0017115166271801274,77.48197963884148,291.0,0.0,-8.579029756427607e-05
iadc_value,adc_dead_zone,0,1000,0,0.7333007812500001,0.00201416015625,0.0005872235489803884,131.3231370085847,369.0,0.0,-8.200613807277057e-05
iadc_value,step_size_track,32,50,0,0.7329129588013513,0.004833984374999933,0.0014784262207789725,43.07968563136324,159.0,0.0,-8.048041878362127e-05
iadc_value,adc_dead_zone,0,200,0,0.7329614975873162,0.004229736328124956,0.0014116076384677514,13.65810320739565,61.0,0.0,-8.023105421578908e-05
iadc_value,adc_dead_zone,0,2000,0,0.7334014892578125,0.001007080078125,0.0003021240234375148,139.82246939039723,387.0,0.0,-2.373861891569515e-05
iadc_value,adc_dead_zone,0,100,0,0.7329561640172001,0.004229736328124956,0.0014155906704302983,10.951808342888079,50.0,0.0,-7.296714462197377e-05
iadc_value,adc_dead_zone,0,5000,0,0.7330993652343752,0.0004028320312500222,0.00014242263048802096,139.43849272188447,394.0,0.0,-4.316112530072334e-06
iadc_value,step_size_track,16,25,0,0.7329454602048058,0.004431152343749911,0.0014378335873926203,20.15391492027548,79.0,0.0,-8.347170420070953e-05
iadc_value,adc_dead_zone,1,500,0,0.7330892944335937,0.0038269042968750444,0.0011499690382744182,64.96696874613455,200.0,0.0,-0.00041931033230244744
iadc_value,adc_dead_zone,1,200,0,0.732956112132353,0.004229736328124956,0.001416365508901291,13.32952775339973,60.0,0.0,-6.454118690820604e-05
iadc_value,adc_dead_zone,1,1000,0,0.7333007812500001,0.00201416015625,0.0005872235489803884,131.33964377925358,369.0,0.0,-8.200613807277057e-05
iadc_value,adc_dead_zone,0,50,0,0.7329534037844085,0.004229736328124956,0.0014161392458143696,10.566498480526475,44.0,0.0,-8.051795808838517e-05
iadc_value,adc_dead_zone,1,2000,0,0.7334014892578125,0.001007080078125,0.0003021240234375148,139.86819159626023,387.0,0.0,-2.373861891569515e-05
iadc_value,adc_dead_zone,1,5000,0,0.7330993652343752,0.0004028320312500222,0.00014242263048802096,139.5038833487719,394.0,0.0,-4.316112530072334e-06
iadc_value,step_size_track,56,50,0,0.732973536398197,0.005639648437499978,0.001704719998499683,76.19467362716017,289.0,0.0,-7.758604214804052e-05
iadc_value,adc_dead_zone,1,100,0,0.7329554453159847,0.004229736328124956,0.0014153388071860618,10.049562331485511,45.0,0.0,-7.61310994121938e-05
iadc_value,adc_dead_zone,2,500,0,0.73289794921875,0.0040283203125,0.0011657794732424277,65.85209530935713,203.0,0.0,-0.0004229790279530152
iadc_value,adc_dead_zone,2,1000,0,0.7333007812500001,0.00201416015625,0.0005872235489803884,131.3990322006418,369.0,0.0,-8.200613807277057e-05
iadc_value,adc_dead_zone,2,200,0,0.7329528808593752,0.004229736328124956,0.0014186625473221958,11.84808835134807,58.0,0.0,-6.0470883592843446e-05
iadc_value,adc_dead_zone,2,2000,0,0.7334014892578125,0.001007080078125,0.0003021240234375148,139.7886136917351,387.0,0.0,-2.373861891569515e-05
iadc_value,adc_dead_zone,1,50,0,0.7329541228063297,0.004229736328124956,0.0014166477109770564,10.028031485639174,40.0,0.0,-7.860249100907075e-05
iadc_value,adc_dead_zone,2,5000,0,0.7330993652343752,0.0004028320312500222,0.00014242263048802096,139.54462675840605,394.0,0.0,-4.316112530072334e-06
iadc_value,adc_dead_zone,2,100,0,0.7329531095370346,0.004229736328124956,0.0014163391306326661,9.80985686783949,41.0,0.0,-7.567141236399855e-05
iadc_value,adc_dead_zone,0,25,0,0.732954270188975,0.004229736328124956,0.0014165221777038967,10.418993451750692,41.0,0.0,-8.234995778103568e-05
iadc_value,step_size_track,32,25,0,0.7329139060778321,0.004833984374999933,0.001476642057919,42.734023040016154,160.0,0.0,-8.070651922745152e-05
iadc_value,adc_dead_zone,3,500,0,0.7330720302036832,0.0038269042968750444,0.0011462805495217863,63.750157162671414,200.0,0.0,-0.00041943364980322065
iadc_value,adc_dead_zone,3,200,0,0.7329489315257354,0.004229736328124956,0.0014184276491276844,9.249709122180287,54.0,0.0,-6.280554813584694e-05
iadc_value,adc_dead_zone,3,1000,0,0.7333007812500001,0.00201416015625,0.0005872235489803884,131.31353656498663,369.0,0.0,-8.200613807277057e-05
iadc_value,adc_dead_zone,2,50,0,0.7329545721950302,0.004229736328124956,0.0014145005513198302,9.171251758027752,39.0,0.0,-7.909675851934285e-05
iadc_value,adc_dead_zone,3,2000,0,0.7334014892578125,0.001007080078125,0.0003021240234375148,139.81643208551148,387.0,0.0,-2.373861891569515e-05
iadc_value,adc_dead_zone,3,100,0,0.7329482583038304,0.004229736328124956,0.0014145895438528158,8.61728898515805,40.0,0.0,-7.923350614663513e-05
iadc_value,adc_dead_zone,3,5000,0,0.7330993652343752,0.0004028320312500222,0.00014242263048802096,139.39859048089843,394.0,0.0,-4.316112530072334e-06
iadc_value,ctrl_dec,125,2000,0,0.73289794921875,0.0040283203125,0.0011657794732424277,71.64916997895698,216.0,0.0,-0.0004229790279530152
iadc_value,ctrl_dec,125,1000,0,0.7329401164915089,0.004229736328124956,0.0014144330594123293,8.27676079886212,39.0,0.0,-6.0197012764682154e-05
iadc_value,adc_dead_zone,3,50,0,0.7329476516090404,0.004229736328124956,0.001414498295530133,7.398140362159306,35.0,0.0,-8.196177749314328e-05
iadc_value,ctrl_dec,125,500,0,0.7329498188950146,0.004229736328124956,0.0014140522639674658,7.409546506215597,33.0,0.0,-7.350635194812018e-05
iadc_value,ctrl_dec,125,5000,0,0.7330921718052456,0.0016113281249999778,0.0004723076507994951,151.6228329420993,417.0,0.0,-1.0790281321893544e-06
iadc_value,adc_dead_zone,1,25,0,0.7329548545246597,0.004229736328124956,0.0014159522525731569,9.687537228082308,40.0,0.0,-8.100191204968022e-05
iadc_value,ctrl_dec,125,200,0,0.7329518758628264,0.004229736328124956,0.0014137610535138883,6.27835077105988,31.0,0.0,-7.941632388116071e-05
iadc_value,adc_dead_zone,3,25,0,0.7329487414744198,0.004229736328124956,0.0014157115648364676,7.1918263234122195,32.0,0.0,-8.222838208678802e-05
iadc_value,ctrl_dec,500,500,0,0.73289794921875,0.0040283203125,0.0011657794732424277,65.86650992805099,203.0,0.0,-0.0004229790279530152
iadc_value,adc_dead_zone,2,25,0,0.7329546297801656,0.004229736328124956,0.0014148898935780248,9.015057458102888,38.0,0.0,-8.235609675069625e-05
iadc_value,ctrl_dec,125,100,0,0.7329516182039444,0.004229736328124956,0.001414287352589849,6.174157453450415,30.0,0.0,-8.03468477707637e-05
iadc_value,ctrl_dec,500,1000,0,0.7333007812500001,0.00201416015625,0.0005872235489803884,131.4321493592952,369.0,0.0,-8.200613807277057e-05
iadc_value,ctrl_dec,500,200,0,0.7329528808593752,0.004229736328124956,0.0014163158168187977,11.541774547084625,58.0,0.0,-6.491749796962299e-05
iadc_value,step_size_track,56,25,0,0.732972564390796,0.005639648437499978,0.0017026259937905606,75.84428367050452,285.0,0.0,-8.62758896922291e-05
iadc_value,ctrl_dec,500,2000,0,0.7334014892578125,0.001007080078125,0.0003021240234375148,139.8274430379481,387.0,0.0,-2.373861891569515e-05
iadc_value,ctrl_dec,500,5000,0,0.7330993652343752,0.0004028320312500222,0.00014242263048802096,139.47878884714086,394.0,0.0,-4.316112530072334e-06
iadc_value,ctrl_dec,500,100,0,0.732952570511123,0.004229736328124956,0.0014160661531038869,9.781896934390414,41.0,0.0,-7.910848665654223e-05
iadc_value,ctrl_dec,1000,200,0,0.7328957988698288,0.004229736328124956,0.001348999267581391,27.936247703305266,94.0,0.0,-5.687400562828581e-05
iadc_value,ctrl_dec,125,50,0,0.7329514219005011,0.004229736328124956,0.0014136326183204922,5.894391948469517,28.0,0.0,-8.268242582781918e-05
iadc_value,ctrl_dec,500,50,0,0.7329544823172901,0.004229736328124956,0.0014141137535932154,9.1480528224727,40.0,0.0,-7.964781625944925e-05
iadc_value,ctrl_dec,1000,100,0,0.7329535989200369,0.004229736328124956,0.001415930325417624,11.527215084566077,58.0,0.0,-6.097007173540642e-05
iadc_value,ctrl_dec,1000,500,0,0.7333007812500001,0.00201416015625,0.0005872235489803884,131.34488402169865,369.0,0.0,-8.200613807277057e-05
iadc_value,ctrl_dec,1000,1000,0,0.7334014892578125,0.001007080078125,0.0003021240234375148,139.62549106485548,387.0,0.0,-2.373861891569515e-05
iadc_value,ctrl_dec,1000,2000,0,0.7333612060546876,0.0006042480468750888,0.00018127441406251308,146.3994882267736,411.0,0.0,-4.316112531205793e-07
iadc_value,ctrl_dec,1000,5000,0,0.7332000732421876,0.0002014160156250666,0.0001007080078125333,10.0,20.0,0.0,-2.158056264990045e-06
iadc_value,ctrl_dec,1000,50,0,0.7329527501864268,0.004229736328124956,0.0014152539531860104,9.86093691014523,42.0,0.0,-7.818526580576005e-05
iadc_value,ctrl_dec,2000,50,0,0.7329525218290442,0.004229736328124956,0.0014169677730234058,11.41756133264628,59.0,0.0,-5.300610090951958e-05
iadc_value,ctrl_dec,2000,100,0,0.7328972324357764,0.004229736328124956,0.0013490007910145125,27.964518331867698,95.0,0.0,-5.904733953528164e-05
iadc_value,ctrl_dec,2000,25,0,0.732952570511123,0.004229736328124956,0.001416015039479173,9.909999558667607,43.0,0.0,-7.728512547683554e-05
iadc_value,ctrl_dec,1000,25,0,0.732953673417629,0.004229736328124956,0.0014140754513150735,9.093582292929947,41.0,0.0,-7.759133615163548e-05
iadc_value,ctrl_dec,500,25,0,0.7329542252400763,0.004229736328124956,0.0014142052204894973,9.027624159719903,37.0,0.0,-8.220454843578602e-05
iadc_value,ctrl_dec,2000,200,0,0.7330288696289062,0.002618408203124978,0.0007409986227431852,120.49243582829892,363.0,0.0,-4.461010593675151e-05
peak_ratio,step_size_track,8,200,0,0.7331690171185663,0.0008056640624999334,0.00022384727755124406,9.10833009766507,39.0,448.0,1.3055689879070187e-05
peak_ratio,step_size_track,8,500,0,0.7331504385811942,0.0008056640624999334,0.00023247021734330015,10.026250621773437,43.0,448.0,8.242233463813189e-05
iadc_value,ctrl_dec,2000,500,0,0.7334014892578125,0.001007080078125,0.0003021240234375148,139.6363110906329,387.0,0.0,-2.373861891569515e-05
peak_ratio,step_size_track,8,100,0,0.7331690792522719,0.0008056640624999334,0.00022345208478771208,9.002871174499681,38.0,448.0,1.0636273550595845e-05
iadc_value,ctrl_dec,2000,1000,0,0.7333612060546876,0.0006042480468750888,0.00018127441406251308,146.2551878985662,410.0,0.0,-4.316112531205793e-07
iadc_value,ctrl_dec,2000,2000,0,0.7332806396484376,0.0004028320312500222,0.00014099121093751174,146.34067636400164,411.0,0.0,3.0212787713301823e-06
peak_ratio,step_size_track,8,1000,0,0.733153315952846,0.0008056640624999334,0.0002385953199836113,12.474054195057215,50.0,448.0,4.357732186713538e-05
iadc_value,ctrl_dec,125,25,0,0.7329518407312171,0.004229736328124956,0.001413730670387503,5.712868137061221,30.0,0.0,-8.381613780148051e-05
peak_ratio,step_size_track,8,2000,0,0.7331684221540179,0.0008056640624999334,0.00024991757630094143,20.006502769380372,58.0,428.0,1.6709521366618086e-05
peak_ratio,step_size_track,8,5000,0,0.7330993652343752,0.0004028320312500222,0.00014242263048802096,21.717833063157652,57.0,448.0,4.316112529554287e-06
iadc_value,ctrl_dec,2000,5000,0,0.7332000732421876,0.0002014160156250666,0.0001007080078125333,9.5,19.0,0.0,-2.158056264990045e-06
peak_ratio,step_size_track,8,50,0,0.7331676723168717,0.0008056640624999334,0.000223130934521993,8.824761829536408,39.0,448.0,9.20916144441228e-06
peak_ratio,step_size_track,16,500,0,0.7331223842075895,0.0008056640624999334,0.00028186495366664267,21.602047510193405,80.0,448.0,8.706215560771629e-05
peak_ratio,step_size_track,16,1000,0,0.7331396484375001,0.0008056640624999334,0.00028198242187498065,22.511897081411902,81.0,448.0,4.229790279486261e-05
peak_ratio,step_size_track,16,2000,0,0.7331396484375001,0.0008056640624999334,0.00028198242187498065,26.66480903393697,94.0,428.0,2.1580562650451587e-05
peak_ratio,step_size_track,16,200,0,0.7331402946920956,0.0008056640624999334,0.0002748756471925207,20.511725017876994,76.0,448.0,1.4438057042304505e-05
peak_ratio,step_size_track,16,5000,0,0.733099365234375,0.0008056640624999334,0.0002848452609760027,30.33035036166289,65.0,448.0,8.632225060224236e-06
peak_ratio,step_size_track,32,500,0,0.733099365234375,0.0008056640624999334,0.0004028320312499667,44.24856218118325,137.0,448.0,8.632225060224236e-06
peak_ratio,step_size_track,16,100,0,0.7331396125024393,0.0008056640624999334,0.0002745749059174814,20.47856123978889,75.0,448.0,1.4552268662431248e-05
peak_ratio,step_size_track,32,200,0,0.7330986471737132,0.0008056640624999334,0.0004028313912666939,43.785399174330074,136.0,448.0,-1.2932633937471053e-16
peak_ratio,step_size_track,32,1000,0,0.733099365234375,0.0008056640624999334,0.0004028320312499667,44.46265559260872,137.0,448.0,8.632225060224236e-06
peak_ratio,step_size_track,32,2000,0,0.733099365234375,0.0008056640624999334,0.0004028320312499667,44.050075719780175,135.0,428.0,8.632225060224236e-06
peak_ratio,step_size_track,8,25,0,0.7331689011808539,0.0008056640624999334,0.00022124910968106265,8.645364348504993,37.0,448.0,1.0758726609454055e-05
peak_ratio,step_size_track,32,5000,0,0.733099365234375,0.0008056640624999334,0.0004028320312499667,46.535410589953,120.0,448.0,8.632225060224236e-06
peak_ratio,step_size_track,32,100,0,0.7330990058837673,0.0008056640624999334,0.00040283187096866463,43.77950228813859,136.0,448.0,-5.782067917933223e-16
peak_ratio,step_size_track,56,500,0,0.7331698608398438,0.0028198242187499334,0.0009944628940743252,86.49061409500231,279.0,448.0,0.00030061723772347446
peak_ratio,step_size_track,16,50,0,0.7331394507064719,0.0008056640624999334,0.0002737368486057104,20.448680418501944,76.0,448.0,1.320035955623061e-05
peak_ratio,step_size_track,56,1000,0,0.7332403564453127,0.0028198242187499334,0.0009869384765624808,86.44880452366839,283.0,448.0,0.00014804265978336035
peak_ratio,step_size_track,56,2000,0,0.7332403564453127,0.0028198242187499334,0.0009869384765624808,85.73906516820887,261.0,428.0,6.948941173502586e-05
peak_ratio,step_size_track,56,5000,0,0.733099365234375,0.0028198242187499334,0.0009969584134160684,95.13108330195804,263.0,448.0,3.0212787710722884e-05
peak_ratio,step_size_track,56,200,0,0.7332451315487133,0.0028198242187499334,0.0009598431313262769,82.81037728939418,280.0,448.0,2.2094835166054765e-05
peak_ratio,adc_dead_zone,0,500,0,0.7331597900390625,0.0008056640624999334,0.00023916826713393712,11.715905811314455,44.0,448.0,7.639519178347424e-05
peak_ratio,step_size_track,56,100,0,0.7332414883997269,0.0028198242187499334,0.0009599037374159471,82.68575992210334,279.0,448.0,5.01655129834311e-05
peak_ratio,adc_dead_zone,0,1000,0,0.7331396484375001,0.0008056640624999334,0.0002595063830456021,13.146969465334928,50.0,448.0,4.661401532557073e-05
peak_ratio,adc_dead_zone,0,200,0,0.7331654268152574,0.0008056640624999334,0.00023774911521615578,10.782073396147894,42.0,448.0,8.931627840808802e-06
peak_ratio,adc_dead_zone,0,2000,0,0.7331597900390625,0.0008056640624999334,0.0002555682732146122,9.985681074949882,34.0,428.0,2.114895139725398e-05
peak_ratio,step_size_track,32,50,0,0.7330991854788947,0.0008056640624999334,0.00040283199114387805,43.78900566576794,136.0,448.0,-4.2858685140476475e-16
peak_ratio,adc_dead_zone,0,5000,0,0.7330993652343752,0.0004028320312500222,0.00014242263048802096,21.695899170495945,57.0,448.0,4.316112529554287e-06
peak_ratio,adc_dead_zone,0,100,0,0.7331663841227141,0.0008056640624999334,0.0002364502422996193,10.722863391937866,44.0,448.0,1.1390237246144389e-05
peak_ratio,adc_dead_zone,1,500,0,0.7331504385811942,0.0008056640624999334,0.00023862134359590567,10.916893270224335,44.0,448.0,7.489996708506386e-05
peak_ratio,adc_dead_zone,1,1000,0,0.7331590706961496,0.0008056640624999334,0.00022338000919191586,12.652708026670151,50.0,448.0,3.4667632429244436e-05
peak_ratio,adc_dead_zone,1,2000,0,0.7331597900390625,0.0008056640624999334,0.0002555682732146122,20.592387326784785,58.0,428.0,2.373861891564068e-05
peak_ratio,step_size_track,16,25,0,0.733139729345518,0.0008056640624999334,0.000273396155875548,20.380716502763608,77.0,448.0,1.0455750352316614e-05
peak_ratio,adc_dead_zone,1,200,0,0.7331654268152574,0.0008056640624999334,0.0002315859741795079,10.11819913851793,41.0,448.0,7.956291008574436e-06
peak_ratio,adc_dead_zone,0,50,0,0.7331649759846679,0.0008056640624999334,0.00023682530408612235,10.667929415043446,43.0,448.0,1.242454726199207e-05
peak_ratio,step_size_track,56,50,0,0.7332409226750755,0.0028198242187499334,0.0009569673871753365,82.46710918796178,278.0,448.0,3.8479712262207875e-05
peak_ratio,adc_dead_zone,1,5000,0,0.7330993652343752,0.0004028320312500222,0.00014242263048802096,21.763920891030192,57.0,448.0,4.316112529554287e-06
peak_ratio,adc_dead_zone,1,100,0,0.7331662044474102,0.0008056640624999334,0.0002313181200497771,9.786958374302927,41.0,448.0,1.495233102759511e-05
peak_ratio,adc_dead_zone,2,500,0,0.7331489998953683,0.0008056640624999334,0.00023090683410127255,9.905945442109038,43.0,448.0,7.761295210395082e-05
peak_ratio,adc_dead_zone,2,1000,0,0.733153315952846,0.0008056640624999334,0.00023980674605118344,12.620955605981793,50.0,448.0,5.3134428183543516e-05
peak_ratio,adc_dead_zone,2,200,0,0.7331686580882353,0.0008056640624999334,0.0002241200649230574,9.237587108741518,39.0,448.0,1.0774784059352825e-05
peak_ratio,adc_dead_zone,2,2000,0,0.7331748962402344,0.0008056640624999334,0.00024539506025595705,19.51197140376196,58.0,428.0,1.675576542954236e-05
peak_ratio,adc_dead_zone,2,5000,0,0.7330993652343752,0.0004028320312500222,0.00014242263048802096,21.707959604810434,57.0,448.0,4.316112529554287e-06
peak_ratio,adc_dead_zone,1,50,0,0.7331656051288488,0.0008056640624999334,0.00023040989163598577,9.68570914280346,41.0,448.0,1.1616970940493582e-05
peak_ratio,adc_dead_zone,2,100,0,0.7331683605510566,0.0008056640624999334,0.0002230269241433728,8.918010505379096,37.0,448.0,1.1217133335932686e-05
peak_ratio,adc_dead_zone,0,25,0,0.7331651704222516,0.0008056640624999334,0.00023541941882271328,10.548634415987896,44.0,448.0,1.150912549080038e-05
peak_ratio,adc_dead_zone,3,500,0,0.7331619480678014,0.0008056640624999334,0.00021531196343436957,7.834622758978902,38.0,448.0,7.610231271908824e-05
peak_ratio,adc_dead_zone,3,200,0,0.7331740435431986,0.0008056640624999334,0.00021628411480108494,7.4568484939535455,35.0,448.0,1.1611884175268789e-05
peak_ratio,adc_dead_zone,3,1000,0,0.733152596609933,0.0008056640624999334,0.0002227455522445663,10.66031884885174,50.0,448.0,3.665612713091264e-05
peak_ratio,step_size_track,32,25,0,0.7330992753365774,0.0008056640624999334,0.0004028320212189693,43.814584164876926,136.0,448.0,-7.201914299783291e-17
peak_ratio,adc_dead_zone,2,50,0,0.7331676723168717,0.0008056640624999334,0.00022304978885450286,8.842859115127824,39.0,448.0,1.2122789005740957e-05
peak_ratio,adc_dead_zone,3,2000,0,0.7332000732421875,0.0006042480468749778,0.00020638999955851567,16.82775851480681,51.0,428.0,2.0285728891573864e-05
peak_ratio,adc_dead_zone,3,100,0,0.7331757272385148,0.0006042480468749778,0.00021521591598438932,7.190340060064964,33.0,448.0,1.1944169755760258e-05
peak_ratio,adc_dead_zone,3,5000,0,0.7330993652343752,0.0004028320312500222,0.00014242263048802096,21.71911805957402,57.0,448.0,4.316112529554287e-06
peak_ratio,ctrl_dec,125,2000,0,0.7331533159528459,0.0008056640624999334,0.0002299366990783725,6.639545065248777,32.0,448.0,8.007930212155265e-05
peak_ratio,ctrl_dec,125,1000,0,0.7331706907276587,0.0008056640624999334,0.00022587998704608485,6.388385103361261,35.0,448.0,1.0718209402479097e-05
peak_ratio,ctrl_dec,125,5000,0,0.7331554739815849,0.0008056640624999334,0.0002414207411253063,9.53452105964084,32.0,448.0,-1.2023456336764657e-06
peak_ratio,ctrl_dec,125,500,0,0.7331718929635243,0.0008056640624999334,0.00022067003270177216,6.014245502804825,32.0,448.0,8.771497658744588e-06
peak_ratio,adc_dead_zone,3,50,0,0.7331758511912232,0.0008056640624999334,0.0002156880756770029,7.08657901901871,35.0,448.0,1.202075910043575e-05
peak_ratio,adc_dead_zone,1,25,0,0.7331662042469246,0.0008056640624999334,0.0002289041903185108,9.44297680984853,41.0,448.0,1.067326250773582e-05
peak_ratio,ctrl_dec,125,200,0,0.733172076326138,0.0008056640624999334,0.0002225904933662212,6.030941951449951,33.0,448.0,1.0630361012904892e-05
peak_ratio,adc_dead_zone,3,25,0,0.7331769470337433,0.0008056640624999334,0.00021653936886334606,6.911057787338777,35.0,448.0,9.361809857077662e-06
peak_ratio,step_size_track,56,25,0,0.7332393810542082,0.0028198242187499334,0.0009575349185385702,82.49547671556553,278.0,448.0,4.6276644051443364e-05
peak_ratio,adc_dead_zone,2,25,0,0.733168137049574,0.0008056640624999334,0.00022150825548889489,8.620351811726506,38.0,448.0,1.0680725570684743e-05
peak_ratio,ctrl_dec,125,100,0,0.7331717329614797,0.0008056640624999334,0.00022068809831729373,5.833711867412991,33.0,448.0,1.0701911037337182e-05
peak_ratio,ctrl_dec,500,500,0,0.7331540352957588,0.0008056640624999334,0.00023258704745839559,10.201950593801529,44.0,448.0,8.117374494144814e-05
peak_ratio,ctrl_dec,500,1000,0,0.7331511579241072,0.0008056640624999334,0.00023755312693155272,12.132999675366722,50.0,448.0,4.112638653740278e-05
peak_ratio,ctrl_dec,500,200,0,0.7331672219669119,0.0008056640624999334,0.0002255230668890932,9.24376508304631,38.0,448.0,7.825734109844767e-06
peak_ratio,ctrl_dec,500,2000,0,0.7331813703264509,0.0008056640624999334,0.00024061348396803292,18.98130625760245,58.0,428.0,1.1252721953166857e-05
peak_ratio,ctrl_dec,500,5000,0,0.7330993652343752,0.0004028320312500222,0.00014242263048802096,21.591291706403773,57.0,448.0,4.316112529554287e-06
peak_ratio,ctrl_dec,500,100,0,0.7331667434733219,0.0008056640624999334,0.000223439804084805,8.928728506032675,40.0,448.0,1.0141965719336315e-05
peak_ratio,ctrl_dec,1000,200,0,0.7331696099658029,0.0008056640624999334,0.000222796165606791,9.787509489358394,40.0,447.0,1.071361785081518e-06
peak_ratio,ctrl_dec,125,50,0,0.7331718758990783,0.0008056640624999334,0.00022059325535458472,5.783668322486891,32.0,448.0,1.0593411996254617e-05
peak_ratio,ctrl_dec,500,50,0,0.733167941950092,0.0008056640624999334,0.0002222758466667971,8.783602063850159,38.0,448.0,1.0000374478489234e-05
peak_ratio,ctrl_dec,1000,500,0,0.7331482805524553,0.0008056640624999334,0.00023571628075844928,12.35262045652084,53.0,448.0,4.060228715816093e-05
peak_ratio,ctrl_dec,1000,100,0,0.7331682990579045,0.0008056640624999334,0.00022567733869276486,9.613034225109795,39.0,448.0,1.771733914776371e-05
peak_ratio,ctrl_dec,1000,1000,0,0.7331770542689733,0.0008056640624999334,0.00023474838720502215,15.461056657265818,64.0,427.0,2.762312019319745e-05
peak_ratio,ctrl_dec,1000,2000,0,0.7331597900390626,0.0006042480468749778,0.0001812744140625069,26.10584714392622,85.0,426.0,4.316112535264188e-07
peak_ratio,ctrl_dec,1000,5000,0,0.7332000732421876,0.0002014160156250666,0.0001007080078125333,16.5,33.0,14.0,2.1580562649806294e-06
peak_ratio,ctrl_dec,1000,50,0,0.7331667434733219,0.0008056640624999334,0.00022327778008981867,9.051474410539758,39.0,448.0,1.0107344937769377e-05
peak_ratio,ctrl_dec,2000,50,0,0.73316650390625,0.0008056640624999334,0.00022541730117943453,9.623027299896064,39.0,448.0,8.478518603901819e-06
peak_ratio,ctrl_dec,2000,100,0,0.7331717603147243,0.0008056640624999334,0.00022307962873294567,9.66874640181244,38.0,447.0,5.418029599492061e-06
peak_ratio,ctrl_dec,500,25,0,0.733168092100675,0.0008056640624999334,0.0002217468722964099,8.646818094985989,38.0,448.0,1.02671274696048e-05
peak_ratio,ctrl_dec,1000,25,0,0.7331682115833125,0.0008056640624999334,0.0002230463120754738,8.806826685093274,37.0,448.0,1.101971098043437e-05
peak_ratio,ctrl_dec,2000,200,0,0.7331641060965403,0.0008056640624999334,0.00022553436646270556,10.870058107724454,46.0,447.0,3.1445962719457425e-05
peak_ratio,ctrl_dec,2000,25,0,0.7331680012004488,0.0008056640624999334,0.00022378557292289237,9.113502229815651,39.0,448.0,1.261350487167804e-05
peak_ratio,ctrl_dec,2000,500,0,0.7331792122977121,0.0008056640624999334,0.0002267916062171497,14.149092691038243,65.0,427.0,1.8235575439983536e-05
peak_ratio,ctrl_dec,125,25,0,0.7331722283574875,0.0008056640624999334,0.0002187056604615113,5.635253021094825,30.0,448.0,1.1675866263593556e-05
peak_ratio,ctrl_dec,2000,1000,0,0.7331597900390626,0.0006042480468749778,0.0001812744140625069,26.930291722239065,87.0,426.0,4.316112535264188e-07
peak_ratio,ctrl_dec,2000,2000,0,0.7331195068359376,0.0004028320312500222,0.00014099121093751174,30.524613688240617,95.0,426.0,9.92705881912552e-06
peak_ratio,ctrl_dec,2000,5000,0,0.7332000732421876,0.0002014160156250666,0.0001007080078125333,9.5,19.0,0.0,-2.158056264990045e-06
